AGP;Angel Pass/ALB;Aslockby/APK;Ashlan Park/BNB;Benton Bridge/BAR;Barton/BCY;Beechly/BEN;Benton/BOD;Bodin/BPK;Beaulieu Park/BRY;Berrily/CHP;City Hospital/CLB;Carnalea Bridge/CXN;Coxly Newtown/CON;Connolly/COX;Coxly/CSP;Cambridge Street Parkway/EBR;East Berrily/EDQ;Eden Quay/EFD;Esterfield/EDG;Edgemead/EMJ;Elsmere Junction/EMP;Elsmere Pond/FAR;Farleigh/FAY;Faymere/FRD;Faraday Road/FNQ;Financial Quarter/FWY;Four Ways/GNS;Greenslade/HHG;Hampton Hargate/HPK;Hemdon Park/HTR;Houghton Rake/JST;James Street/LSR;Leighton Stepford Road/LTC;Leighton City/LTW;Leighton West/LYN;Llyn-by-the-Sea/MLC;Millcastle/MRC;Millcastle Racecource/MGT;Morganstown/NHW;New Harrow/NRH;Newry Harbour/NRY;Newry/NSE;Northshore/PBN;Port Benton/RCP;Rocket Parade/RDV;Rosedale Village/RLB;Rayleigh Bay/SAC;Stepford Airport Central/SAO;Aiport Terminal 1/SAP;Stepford Aiport Parkway/SAW;Airport West/SAX;Airport Terminal 2/SAZ;Airport Terminal 3/SCN;Stepford Central/SCV;Stepford Victoria/SHB;St Helens Bridge/SHS;Stepford High Street/SCE;Stepford East/STL;Starryloch/UFC;Stepford United Football Club/USL;Upper Starploe/WBN;West Benton/WFD;Willowfield/WHF;Whitefield/WHL;Woodhead Lane/WFL;Whitefield Lido/WNG;Whitney Green/WTN;Water Newton/WST;Westercoast/WYV;Westwyvern/
